{
  "eye": {
    "orientation": [
      -0.0047998810186982155,
      -0.31782954931259155,
      2.2528466070070863E-4,
      0.9481357336044312
    ],
    "magnitude": 0.5773502588272095,
    "position": [
      -120.78889465332031,
      2.3008315563201904,
      159.38880920410156
    ]
  },
  "paths": [],
  "ortho": false,
  "radius": 100,
  "visualHints": 3
}